,year,month,day,淨尖峰供電能力(MW),尖峰負載(MW),備轉容量(MW),備轉容量率(%),工業用電(百萬度),民生用電(百萬度)
0,2019,1,1,26429,23872,2557.0,10.71,279.87,192.192
1,2019,1,2,30047,28148,1899.0,6.75,323.08,221.864
2,2019,1,3,30343,28452,1891.0,6.65,336.597,231.146
3,2019,1,4,30301,28490,1811.0,6.36,339.02,232.81
4,2019,1,5,27957,26054,1903.0,7.3,315.825,216.882
5,2019,1,6,26950,24617,2333.0,9.48,295.08,202.637
6,2019,1,7,30336,28536,1800.0,6.31,330.91900000000004,227.247
7,2019,1,8,30562,28719,1843.0,6.42,340.713,233.97400000000002
8,2019,1,9,30595,28641,1954.0,6.82,339.42,233.08599999999998
9,2019,1,10,30853,29006,1847.0,6.37,345.741,237.426
10,2019,1,11,30682,28798,1884.0,6.54,345.31199999999995,237.13099999999997
11,2019,1,12,28402,25905,2497.0,9.64,316.377,217.261
12,2019,1,13,27027,24629,2398.0,9.74,295.069,202.62900000000002
13,2019,1,14,30093,28348,1745.0,6.16,330.529,226.979
14,2019,1,15,30731,28887,1844.0,6.38,341.97900000000004,234.843
15,2019,1,16,30498,28649,1849.0,6.45,338.77099999999996,232.64
16,2019,1,17,30328,28395,1933.0,6.81,337.23699999999997,231.58700000000002
17,2019,1,18,29691,27756,1935.0,6.97,333.57800000000003,229.07299999999998
18,2019,1,19,28431,26477,1954.0,7.38,323.444,222.114
19,2019,1,20,27138,24539,2599.0,10.59,293.809,201.764
20,2019,1,21,29654,27739,1915.0,6.9,324.539,222.86599999999999
21,2019,1,22,30061,28140,1921.0,6.83,334.246,229.532
22,2019,1,23,29776,27838,1938.0,6.96,333.76099999999997,229.199
23,2019,1,24,29735,27863,1872.0,6.72,334.577,229.76
24,2019,1,25,29202,27296,1906.0,6.98,332.04699999999997,228.02200000000002
25,2019,1,26,27817,25282,2535.0,10.03,307.745,211.333
26,2019,1,27,26506,24414,2092.0,8.57,291.033,199.857
27,2019,1,28,29363,27557,1806.0,6.55,322.911,221.74900000000002
28,2019,1,29,29690,27858,1832.0,6.58,331.844,227.88299999999998
29,2019,1,30,29570,27760,1810.0,6.52,331.523,227.66299999999998
30,2019,1,31,29071,27181,1890.0,6.95,326.577,224.266
31,2019,2,1,26857,24709,2148.0,8.69,301.346,228.43400000000003
32,2019,2,2,25623,23382,2241.0,9.58,278.967,211.47
33,2019,2,3,24953,22915,2038.0,8.89,267.92900000000003,203.10299999999998
34,2019,2,4,22777,20214,2563.0,12.68,246.263,186.679
35,2019,2,5,22325,19992,2333.0,11.67,235.887,178.81400000000002
36,2019,2,6,22258,19936,2322.0,11.65,237.257,179.852
37,2019,2,7,23045,20938,2107.0,10.06,243.67,184.713
38,2019,2,8,24696,21581,3115.0,14.43,253.768,192.36900000000003
39,2019,2,9,25572,22436,3136.0,13.98,262.905,199.294
40,2019,2,10,26259,23236,3023.0,13.01,268.156,203.27599999999998
41,2019,2,11,28942,26667,2275.0,8.53,308.329,233.729
42,2019,2,12,29628,27768,1860.0,6.7,327.839,248.517
43,2019,2,13,29614,27699,1915.0,6.91,333.045,252.465
44,2019,2,14,30193,28250,1943.0,6.88,335.846,254.58700000000002
45,2019,2,15,30221,28262,1959.0,6.93,337.226,255.63299999999998
46,2019,2,16,27858,25432,2426.0,9.54,311.235,235.93200000000002
47,2019,2,17,27016,24343,2673.0,10.98,289.13,219.174
48,2019,2,18,30407,28645,1762.0,6.15,330.202,250.30900000000003
49,2019,2,19,30767,28876,1891.0,6.55,342.86800000000005,259.911
50,2019,2,20,30916,29078,1838.0,6.32,346.477,262.647
51,2019,2,21,30725,28912,1813.0,6.27,346.27099999999996,262.49
52,2019,2,22,30290,28420,1870.0,6.58,340.97,258.472
53,2019,2,23,28452,26723,1729.0,6.47,324.355,245.877
54,2019,2,24,26464,24694,1770.0,7.17,294.814,223.484
55,2019,2,25,29838,28084,1754.0,6.24,326.311,247.36
56,2019,2,26,30208,28390,1818.0,6.4,336.45,255.045
57,2019,2,27,29916,28013,1903.0,6.79,336.67699999999996,255.217
58,2019,2,28,27902,25472,2430.0,9.54,310.83799999999997,235.63
59,2019,3,1,27060,24689,2371.0,9.6,299.202,201.362
60,2019,3,2,26567,24734,1833.0,7.41,296.127,199.292
61,2019,3,3,26326,24102,2224.0,9.23,288.39,194.085
62,2019,3,4,29583,27688,1895.0,6.84,322.631,217.12900000000002
63,2019,3,5,30195,28241,1954.0,6.92,336.545,226.49400000000003
64,2019,3,6,29954,28032,1922.0,6.86,337.025,226.81599999999997
65,2019,3,7,30015,28147,1868.0,6.64,336.38300000000004,226.38400000000001
66,2019,3,8,29767,27951,1816.0,6.5,335.85900000000004,226.032
67,2019,3,9,28061,25870,2191.0,8.47,314.35200000000003,211.558
68,2019,3,10,26624,24801,1823.0,7.35,295.376,198.787
69,2019,3,11,29524,27730,1794.0,6.47,326.54,219.761
70,2019,3,12,29815,27936,1879.0,6.73,334.596,225.18200000000002
71,2019,3,13,30068,28145,1923.0,6.83,337.439,227.09599999999998
72,2019,3,14,30197,28417,1780.0,6.26,338.91900000000004,228.092
73,2019,3,15,29685,27757,1928.0,6.95,335.598,225.857
74,2019,3,16,27836,25318,2518.0,9.95,309.487,208.283
75,2019,3,17,26971,24681,2290.0,9.28,291.782,196.368
76,2019,3,18,30093,28338,1755.0,6.19,331.87300000000005,223.34900000000002
77,2019,3,19,30687,28882,1805.0,6.25,345.332,232.408
78,2019,3,20,31489,29645,1844.0,6.22,351.897,236.826
79,2019,3,21,32310,30343,1967.0,6.48,358.45099999999996,241.236
80,2019,3,22,31959,29618,2341.0,7.9,352.32199999999995,237.112
81,2019,3,23,27349,25265,2084.0,8.25,312.816,210.524
82,2019,3,24,26671,24812,1859.0,7.49,294.599,198.264
83,2019,3,25,30388,28535,1853.0,6.49,333.343,224.33900000000003
84,2019,3,26,30643,28756,1887.0,6.56,342.917,230.782
85,2019,3,27,31073,29140,1933.0,6.63,348.038,234.22799999999998
86,2019,3,28,31985,30093,1892.0,6.29,356.775,240.109
87,2019,3,29,31728,29673,2055.0,6.92,354.27,238.422
88,2019,3,30,27965,25810,2155.0,8.35,317.793,213.873
89,2019,3,31,26763,24466,2297.0,9.39,296.502,199.545
90,2019,4,1,29772,27842,193.0,6.93,322.237,218.05200000000002
91,2019,4,2,30275,28359,191.5,6.75,332.233,224.81599999999997
92,2019,4,3,30387,28483,190.5,6.69,334.523,226.36599999999999
93,2019,4,4,28003,25663,234.0,9.12,308.423,208.704
94,2019,4,5,26414,24542,187.2,7.63,289.731,196.055
95,2019,4,6,26649,24966,168.3,6.74,291.974,197.57299999999998
96,2019,4,7,27018,25240,177.8,7.04,292.531,197.951
97,2019,4,8,32368,30399,196.9,6.48,343.332,232.326
98,2019,4,9,33496,31532,196.4,6.23,361.969,244.938
99,2019,4,10,33863,31709,215.4,6.79,363.597,246.03900000000002
100,2019,4,11,32620,30541,207.9,6.81,353.842,239.438
101,2019,4,12,31053,29035,201.8,6.95,341.524,231.10299999999998
102,2019,4,13,28206,26446,176.0,6.66,318.247,215.352
103,2019,4,14,28065,25537,252.8,9.9,302.953,205.003
104,2019,4,15,30735,28749,198.6,6.91,331.727,224.47299999999998
105,2019,4,16,30894,29017,187.7,6.47,339.36800000000005,229.644
106,2019,4,17,31615,29565,205.0,6.93,343.38,232.359
107,2019,4,18,32338,30335,200.3,6.6,350.574,237.226
108,2019,4,19,32668,30748,192.0,6.24,351.81699999999995,238.06799999999998
109,2019,4,20,28787,26910,187.7,6.98,322.525,218.247
110,2019,4,21,28604,26306,229.8,8.74,308.722,208.90599999999998
111,2019,4,22,33948,31955,199.3,6.24,358.61,242.66400000000002
112,2019,4,23,35207,33181,202.6,6.11,375.74199999999996,254.25799999999998
113,2019,4,24,35266,33263,200.3,6.02,380.015,257.149
114,2019,4,25,35424,33134,229.0,6.91,380.781,257.66700000000003
115,2019,4,26,34916,32664,225.2,6.89,376.86800000000005,255.02
116,2019,4,27,29369,27376,199.3,7.28,336.58,227.757
117,2019,4,28,28688,26948,174.0,6.46,317.806,215.053
118,2019,4,29,35058,32847,221.1,6.73,367.385,248.60299999999998
119,2019,4,30,35309,33099,221.0,6.68,378.092,255.847
120,2019,5,1,29919,26826,3093.0,11.53,324.099,232.905
121,2019,5,2,31373,28690,2683.0,9.35,332.184,238.715
122,2019,5,3,31631,28315,3316.0,11.71,329.559,236.829
123,2019,5,4,28938,25819,3119.0,12.08,305.945,219.859
124,2019,5,5,27591,25336,2255.0,8.9,293.362,210.817
125,2019,5,6,31019,28615,2404.0,8.4,327.298,235.205
126,2019,5,7,31081,28472,2609.0,9.16,330.93300000000005,237.817
127,2019,5,8,31108,28968,2140.0,7.39,335.394,241.02200000000002
128,2019,5,9,31441,29229,2212.0,7.57,339.61400000000003,244.055
129,2019,5,10,32179,29571,2608.0,8.82,341.478,245.394
130,2019,5,11,29413,26576,2837.0,10.68,317.072,227.855
131,2019,5,12,29193,26484,2709.0,10.23,306.971,220.597
132,2019,5,13,34446,32135,2311.0,7.19,358.075,257.322
133,2019,5,14,35275,33144,2131.0,6.43,374.205,268.91200000000003
134,2019,5,15,35149,32896,2253.0,6.85,377.077,270.97700000000003
135,2019,5,16,35739,33307,2432.0,7.3,383.44199999999995,275.551
136,2019,5,17,34862,32316,2546.0,7.88,377.13800000000003,271.02
137,2019,5,18,32114,29523,2591.0,8.78,353.717,254.18900000000002
138,2019,5,19,31104,28977,2127.0,7.34,337.522,242.551
139,2019,5,20,35560,32213,3347.0,10.39,361.999,260.14099999999996
140,2019,5,21,33865,29978,3887.0,12.97,348.55,250.477
141,2019,5,22,34704,30150,4554.0,15.11,349.088,250.863
142,2019,5,23,35142,30430,4712.0,15.48,350.17800000000005,251.64700000000002
143,2019,5,24,35123,31548,3575.0,11.33,358.17400000000004,257.393
144,2019,5,25,31794,27810,3984.0,14.33,333.17199999999997,239.425
145,2019,5,26,31694,27905,3789.0,13.58,320.712,230.472
146,2019,5,27,35227,32521,2706.0,8.32,367.42800000000005,264.04200000000003
147,2019,5,28,35411,32242,3169.0,9.83,369.60400000000004,265.607
148,2019,5,29,36224,30319,5905.0,19.48,352.744,253.49099999999999
149,2019,5,30,36483,32116,4367.0,13.6,364.05699999999996,261.62
150,2019,5,31,37486,32971,4515.0,13.69,374.88599999999997,269.402
151,2019,6,1,32902,28860,4042.0,14.01,321.91900000000004,262.332
152,2019,6,2,32488,28856,3632.0,12.59,309.668,252.34799999999998
153,2019,6,3,37498,32958,4540.0,13.78,348.832,284.262
154,2019,6,4,36955,32409,4546.0,14.03,350.46,285.59
155,2019,6,5,37945,33916,4029.0,11.88,358.025,291.753
156,2019,6,6,38674,34889,3785.0,10.85,367.088,299.14
157,2019,6,7,34770,30068,4702.0,15.64,334.60400000000004,272.66900000000004
158,2019,6,8,32858,29548,3310.0,11.2,323.66700000000003,263.755
159,2019,6,9,33490,29408,4082.0,13.88,317.096,258.401
160,2019,6,10,37502,33355,4147.0,12.43,350.14099999999996,285.329
161,2019,6,11,36341,32126,4215.0,13.12,346.88300000000004,282.67400000000004
162,2019,6,12,36513,31095,5418.0,17.42,338.17900000000003,275.58099999999996
163,2019,6,13,35273,31680,3593.0,11.34,340.793,277.712
164,2019,6,14,35772,30877,4895.0,15.85,335.714,273.572
165,2019,6,15,33122,27686,5436.0,19.63,307.399,250.498
166,2019,6,16,32635,27673,4962.0,17.93,299.822,244.324
167,2019,6,17,37468,33703,3765.0,11.17,348.695,284.15
168,2019,6,18,37996,34739,3257.0,9.38,368.608,300.378
169,2019,6,19,39258,35601,3657.0,10.27,377.36400000000003,307.513
170,2019,6,20,39662,35959,3703.0,10.3,384.09,312.994
171,2019,6,21,40008,35928,4080.0,11.36,382.26199999999994,311.505
172,2019,6,22,35113,30923,4190.0,13.55,349.223,284.582
173,2019,6,23,33049,28305,4744.0,16.76,317.445,258.685
174,2019,6,24,37104,31688,5416.0,17.09,339.907,276.99
175,2019,6,25,36804,33290,3514.0,10.56,351.381,286.34
176,2019,6,26,36928,32816,4112.0,12.53,350.162,285.346
177,2019,6,27,37640,33465,4175.0,12.48,356.885,290.825
178,2019,6,28,38530,34963,3567.0,10.2,366.75,298.86400000000003
179,2019,6,29,34155,30553,3602.0,11.79,342.722,279.283
180,2019,6,30,33522,30083,3439.0,11.43,327.88199999999995,267.19
181,2019,7,1,38849,35215,3634.0,10.32,355.35,291.76
182,2019,7,2,39935,35052,4883.0,13.93,359.015,294.768
183,2019,7,3,38706,33953,4753.0,14.0,348.871,286.44
184,2019,7,4,39052,34157,4895.0,14.33,352.36800000000005,289.31
185,2019,7,5,39567,33853,5714.0,16.88,350.28,287.596
186,2019,7,6,34449,30014,4435.0,14.78,322.884,265.10400000000004
187,2019,7,7,34278,29965,4313.0,14.39,312.81,256.83099999999996
188,2019,7,8,39621,35166,4455.0,12.67,354.286,290.88599999999997
189,2019,7,9,39052,34886,4166.0,11.94,360.449,295.94599999999997
190,2019,7,10,39164,35267,3897.0,11.05,363.084,298.11
191,2019,7,11,38719,34564,4155.0,12.02,359.087,294.828
192,2019,7,12,39970,35638,4332.0,12.16,360.12699999999995,295.682
193,2019,7,13,36491,31353,5138.0,16.39,334.68199999999996,274.79
194,2019,7,14,34198,30941,3257.0,10.53,321.452,263.927
195,2019,7,15,39898,36261,3637.0,10.03,364.89300000000003,299.594
196,2019,7,16,40150,36926,3224.0,8.73,376.816,309.383
197,2019,7,17,41153,37383,3770.0,10.08,381.033,312.846
198,2019,7,18,40002,35922,4080.0,11.36,373.161,306.383
199,2019,7,19,39994,35484,4510.0,12.71,364.325,299.129
200,2019,7,20,36836,30618,6218.0,20.31,329.56300000000005,270.586
201,2019,7,21,34994,29604,5390.0,18.2,311.096,255.424
202,2019,7,22,40246,34488,5758.0,16.7,345.82599999999996,283.94
203,2019,7,23,39770,35004,4766.0,13.62,354.659,291.192
204,2019,7,24,40609,35571,5038.0,14.16,360.731,296.178
205,2019,7,25,40591,35955,4636.0,12.89,367.923,302.082
206,2019,7,26,40420,36523,3897.0,10.67,369.37,303.27
207,2019,7,27,36553,31207,5346.0,17.13,333.98,274.214
208,2019,7,28,35368,29654,5714.0,19.27,312.76599999999996,256.795
209,2019,7,29,40478,35554,4924.0,13.85,357.657,293.654
210,2019,7,30,40714,36647,4067.0,11.1,372.51800000000003,305.855
211,2019,7,31,40536,36807,3729.0,10.13,374.62300000000005,307.584
212,2019,8,1,40524,36482,4042.0,11.08,375.41,330.64
213,2019,8,2,40810,35775,5035.0,14.08,365.82599999999996,322.2
214,2019,8,3,36920,31045,5875.0,18.92,335.586,295.565
215,2019,8,4,35151,31333,3818.0,12.18,328.514,289.337
216,2019,8,5,40649,36721,3928.0,10.7,371.635,327.315
217,2019,8,6,41157,36386,4771.0,13.11,374.848,330.14599999999996
218,2019,8,7,40786,36067,4719.0,13.08,374.025,329.421
219,2019,8,8,40648,36331,4317.0,11.88,371.51300000000003,327.20799999999997
220,2019,8,9,37717,30740,6977.0,22.7,336.51099999999997,296.381
221,2019,8,10,36049,31478,4571.0,14.52,338.342,297.993
222,2019,8,11,35251,31064,4187.0,13.48,328.236,289.093
223,2019,8,12,40272,34479,5793.0,16.8,357.815,315.144
224,2019,8,13,38658,33906,4752.0,14.02,357.298,314.688
225,2019,8,14,40164,36100,4064.0,11.26,369.086,325.07099999999997
226,2019,8,15,40630,34275,6355.0,18.54,364.341,320.892
227,2019,8,16,40427,34379,6048.0,17.59,357.62,314.972
228,2019,8,17,37079,30424,6655.0,21.87,330.097,290.732
229,2019,8,18,34759,28616,6143.0,21.47,307.806,271.099
230,2019,8,19,39330,32954,6376.0,19.35,337.20300000000003,296.99
231,2019,8,20,39597,33328,6269.0,18.81,343.99699999999996,302.973
232,2019,8,21,39972,33542,6430.0,19.17,347.032,305.647
233,2019,8,22,39807,34983,4824.0,13.79,357.805,315.135
234,2019,8,23,40025,35157,4868.0,13.85,362.903,319.625
235,2019,8,24,35969,28996,6973.0,24.05,321.683,283.32099999999997
236,2019,8,25,34452,28990,5462.0,18.84,305.622,269.175
237,2019,8,26,40403,35049,5354.0,15.27,352.365,310.343
238,2019,8,27,40285,35593,4692.0,13.18,363.805,320.42
239,2019,8,28,40601,36507,4094.0,11.21,371.723,327.393
240,2019,8,29,40424,36368,4056.0,11.15,374.81300000000005,330.11400000000003
241,2019,8,30,40228,34613,5615.0,16.22,359.782,316.877
242,2019,8,31,35403,30636,4767.0,15.56,329.676,290.36
243,2019,9,1,34611,29629,4982.0,16.81,332.912,329.305
244,2019,9,2,39989,35383,4606.0,13.02,374.99699999999996,370.93300000000005
245,2019,9,3,40050,35469,4581.0,12.92,382.283,378.14
246,2019,9,4,39136,33717,5419.0,16.07,369.469,365.466
247,2019,9,5,39153,33277,5876.0,17.66,363.10699999999997,359.17199999999997
248,2019,9,6,39285,34200,5085.0,14.87,365.96,361.994
249,2019,9,7,34982,30088,4894.0,16.27,339.934,336.251
250,2019,9,8,33239,29047,4192.0,14.43,323.579,320.073
251,2019,9,9,39318,34357,4961.0,14.44,364.62699999999995,360.676
252,2019,9,10,38812,34664,4148.0,11.97,375.452,371.384
253,2019,9,11,39916,35341,4575.0,12.95,379.44,375.32800000000003
254,2019,9,12,39889,35264,4625.0,13.12,379.54900000000004,375.436
255,2019,9,13,34199,29375,4824.0,16.42,336.406,332.76
256,2019,9,14,33070,28676,4394.0,15.33,324.443,320.927
257,2019,9,15,33578,28191,5387.0,19.11,315.099,311.685
258,2019,9,16,39253,33228,6025.0,18.13,353.608,349.777
259,2019,9,17,38936,32961,5975.0,18.13,358.369,354.485
260,2019,9,18,38470,32428,6042.0,18.63,353.586,349.754
261,2019,9,19,38401,31508,6893.0,21.88,345.22,341.47900000000004
262,2019,9,20,36939,30594,6345.0,20.74,335.219,331.586
263,2019,9,21,32072,26460,5612.0,21.21,299.075,295.834
264,2019,9,22,31257,25836,5421.0,20.98,285.911,282.814
265,2019,9,23,36566,29947,6619.0,22.1,322.52,319.026
266,2019,9,24,36722,30106,6616.0,21.98,331.08099999999996,327.493
267,2019,9,25,36388,30709,5679.0,18.49,333.25199999999995,329.642
268,2019,9,26,36821,31162,5659.0,18.16,339.548,335.869
269,2019,9,27,37499,31255,6244.0,19.98,342.48800000000006,338.777
270,2019,9,28,33013,28161,4852.0,17.23,317.598,314.157
271,2019,9,29,32241,27926,4315.0,15.45,306.994,303.668
272,2019,9,30,36162,28505,7657.0,26.86,317.882,314.438
273,2019,10,1,36449,31917,4532.0,14.2,354.88,308.17400000000004
274,2019,10,2,37393,33316,4077.0,12.24,370.298,321.562
275,2019,10,3,37506,33699,3807.0,11.3,376.725,327.144
276,2019,10,4,38091,33670,4421.0,13.13,375.175,325.798
277,2019,10,5,37012,32451,4561.0,14.06,365.06,317.014
278,2019,10,6,31819,28030,3789.0,13.52,328.14300000000003,284.955
279,2019,10,7,36591,32889,3702.0,11.26,366.325,318.112
280,2019,10,8,37289,32938,4351.0,13.21,372.98400000000004,323.89599999999996
281,2019,10,9,37046,32345,4701.0,14.53,365.06199999999995,317.01599999999996
282,2019,10,10,32222,27817,4405.0,15.84,327.782,284.642
283,2019,10,11,31667,27177,4490.0,16.52,317.045,275.318
284,2019,10,12,31704,26962,4742.0,17.59,315.235,273.747
285,2019,10,13,31796,26364,5432.0,20.6,306.186,265.889
286,2019,10,14,35975,30884,5091.0,16.48,343.019,297.874
287,2019,10,15,35615,30530,5085.0,16.66,347.02,301.348
288,2019,10,16,34313,30329,3984.0,13.14,344.907,299.513
289,2019,10,17,34761,30179,4582.0,15.18,344.38300000000004,299.059
290,2019,10,18,34982,30172,4810.0,15.94,340.092,295.332
291,2019,10,19,31218,26430,4788.0,18.11,310.783,269.881
292,2019,10,20,29653,25233,4420.0,17.52,290.594,252.34900000000002
293,2019,10,21,33493,29219,4274.0,14.63,327.845,284.69599999999997
294,2019,10,22,33840,30037,3803.0,12.66,339.681,294.975
295,2019,10,23,34065,30286,3779.0,12.48,344.32300000000004,299.006
296,2019,10,24,34172,30343,3829.0,12.62,344.324,299.007
297,2019,10,25,34251,30131,4120.0,13.67,340.91900000000004,296.05
298,2019,10,26,29599,26498,3101.0,11.7,310.311,269.47
299,2019,10,27,28487,25725,2762.0,10.74,295.76599999999996,256.84
300,2019,10,28,34260,30207,4053.0,13.42,336.028,291.803
301,2019,10,29,34240,29624,4616.0,15.58,337.42699999999996,293.017
302,2019,10,30,33380,29714,3666.0,12.34,336.649,292.342
303,2019,10,31,33719,30080,3639.0,12.1,341.334,296.41
304,2019,11,1,34261,30331,3930.0,12.96,359.556,290.74
305,2019,11,2,30083,26705,3378.0,12.65,328.05300000000005,265.26599999999996
306,2019,11,3,29165,25745,3420.0,13.29,310.473,251.05
307,2019,11,4,32647,29192,3455.0,11.84,341.514,276.151
308,2019,11,5,33016,29247,3769.0,12.89,350.144,283.129
309,2019,11,6,32766,29422,3344.0,11.36,350.626,283.518
310,2019,11,7,33353,29601,3752.0,12.67,353.18300000000005,285.586
311,2019,11,8,33641,28900,4741.0,16.4,347.69599999999997,281.15
312,2019,11,9,29609,25900,3709.0,14.32,313.198,253.255
313,2019,11,10,27748,24716,3032.0,12.27,296.10400000000004,239.43099999999998
314,2019,11,11,32227,28620,3607.0,12.6,334.358,270.365
315,2019,11,12,32897,29305,3592.0,12.26,347.57599999999996,281.053
316,2019,11,13,32660,29360,3300.0,11.24,349.495,282.605
317,2019,11,14,32776,28953,3823.0,13.2,346.041,279.812
318,2019,11,15,31914,28764,3150.0,10.95,344.059,278.209
319,2019,11,16,29275,26075,3200.0,12.27,318.671,257.68
320,2019,11,17,27956,25366,2590.0,10.21,302.681,244.75
321,2019,11,18,32343,29306,3037.0,10.36,342.49699999999996,276.945
322,2019,11,19,32080,28743,3337.0,11.61,342.74699999999996,277.147
323,2019,11,20,32282,28935,3347.0,11.57,344.345,278.44
324,2019,11,21,32516,29520,2996.0,10.15,348.832,282.068
325,2019,11,22,32470,29500,2970.0,10.07,351.87,284.525
326,2019,11,23,29491,26796,2695.0,10.06,325.455,263.165
327,2019,11,24,28774,25584,3190.0,12.47,308.015,249.06400000000002
328,2019,11,25,32309,29340,2969.0,10.12,343.324,277.615
329,2019,11,26,32597,29285,3312.0,11.31,348.481,281.784
330,2019,11,27,32877,29312,3565.0,12.16,349.89300000000003,282.926
331,2019,11,28,32028,28610,3418.0,11.95,344.401,278.486
332,2019,11,29,31864,28472,3392.0,11.91,338.051,273.351
333,2019,11,30,28859,25855,3004.0,11.62,313.92900000000003,253.84599999999998
334,2019,12,1,28261,24836,3425.0,13.79,298.91700000000003,195.47299999999998
335,2019,12,2,31398,27936,3462.0,12.39,328.835,215.037
336,2019,12,3,31307,28157,3150.0,11.19,336.06300000000005,219.765
337,2019,12,4,31527,28474,3053.0,10.72,339.151,221.78400000000002
338,2019,12,5,31728,28706,3022.0,10.53,344.524,225.298
339,2019,12,6,31977,28563,3414.0,11.95,344.77099999999996,225.458
340,2019,12,7,28725,25824,2901.0,11.23,316.754,207.138
341,2019,12,8,27706,24750,2956.0,11.94,296.992,194.21400000000003
342,2019,12,9,31412,28207,3205.0,11.36,330.05400000000003,215.835
343,2019,12,10,31602,28456,3146.0,11.06,340.414,222.61
344,2019,12,11,31599,28397,3202.0,11.28,341.15,223.09
345,2019,12,12,31420,28422,2998.0,10.55,341.254,223.15900000000002
346,2019,12,13,31524,28370,3154.0,11.12,340.4,222.6
347,2019,12,14,28711,25676,3035.0,11.82,313.26599999999996,204.857
348,2019,12,15,27529,24717,2812.0,11.38,296.56,193.93200000000002
349,2019,12,16,31890,28851,3039.0,10.53,334.124,218.49599999999998
350,2019,12,17,32423,29234,3189.0,10.91,346.31199999999995,226.467
351,2019,12,18,32339,29085,3254.0,11.19,347.84,227.46599999999998
352,2019,12,19,32059,28952,3107.0,10.73,346.81199999999995,226.793
353,2019,12,20,31727,28581,3146.0,11.01,343.657,224.731
354,2019,12,21,29167,26352,2815.0,10.69,321.16200000000003,210.02
355,2019,12,22,27862,25115,2747.0,10.94,302.559,197.854
356,2019,12,23,32117,28787,3330.0,11.57,334.96,219.043
357,2019,12,24,32280,28996,3284.0,11.32,344.74699999999996,225.44299999999998
358,2019,12,25,32571,28965,3606.0,12.45,344.856,225.515
359,2019,12,26,32218,28955,3263.0,11.27,346.79699999999997,226.783
360,2019,12,27,31073,27867,3206.0,11.5,334.764,218.91400000000002
361,2019,12,28,28502,25349,3153.0,12.43,309.873,202.638
362,2019,12,29,27888,24989,2899.0,11.6,298.156,194.976
363,2019,12,30,31134,27991,3143.0,11.23,328.977,215.13099999999997
364,2019,12,31,30472,27364,3108.0,11.36,327.624,214.24599999999998
365,2020,1,1,28125,25335,2790.0,11.01,301.704,206.75
366,2020,1,2,31303,28223,3080.0,10.91,330.461,226.457
367,2020,1,3,31676,28292,3384.0,11.96,335.832,230.138
368,2020,1,4,29219,25583,3636.0,14.21,312.093,213.87
369,2020,1,5,27456,24761,2695.0,10.88,295.308,202.368
370,2020,1,6,31653,28644,3009.0,10.51,332.374,227.768
371,2020,1,7,32248,29144,3104.0,10.65,343.528,235.41099999999997
372,2020,1,8,31779,28544,3235.0,11.33,340.649,233.438
373,2020,1,9,31861,28730,3131.0,10.9,340.81699999999995,233.553
374,2020,1,10,31774,28476,3298.0,11.58,341.671,234.138
375,2020,1,11,29193,25342,3851.0,15.2,307.068,210.426
376,2020,1,12,27933,24842,3091.0,12.44,295.525,202.516
377,2020,1,13,31804,28647,3157.0,11.02,331.244,226.99400000000003
378,2020,1,14,32213,28801,3412.0,11.85,341.22900000000004,233.835
379,2020,1,15,31817,28431,3386.0,11.91,341.208,233.821
380,2020,1,16,31719,28714,3005.0,10.47,343.606,235.46400000000003
381,2020,1,17,31585,28186,3399.0,12.06,340.27,233.179
382,2020,1,18,29228,26068,3160.0,12.12,318.19,218.048
383,2020,1,19,28656,25322,3334.0,13.17,302.209,207.097
384,2020,1,20,31153,27970,3183.0,11.38,329.944,226.102
385,2020,1,21,30776,27517,3259.0,11.84,331.975,227.495
386,2020,1,22,29635,25748,3887.0,15.09,315.934,216.502
387,2020,1,23,26875,23531,3344.0,14.21,284.243,194.785
388,2020,1,24,25026,21543,3483.0,16.17,262.177,179.66299999999998
389,2020,1,25,24573,21022,3551.0,16.89,250.467,171.639
390,2020,1,26,24702,21174,3528.0,16.66,253.13,173.46400000000003
391,2020,1,27,25414,21710,3704.0,17.06,256.629,175.861
392,2020,1,28,26470,22817,3653.0,16.01,267.262,183.148
393,2020,1,29,27288,23984,3304.0,13.77,278.19,190.637
394,2020,1,30,29314,26323,2991.0,11.36,308.448,211.37099999999998
395,2020,1,31,30075,26714,3361.0,12.58,320.442,219.59099999999998
396,2020,2,1,29101,25211,3890.0,15.43,309.422,217.706
397,2020,2,2,28063,24816,3247.0,13.08,296.637,208.709
398,2020,2,3,32048,27960,4088.0,14.62,330.949,232.852
399,2020,2,4,31745,28443,3302.0,11.61,344.83099999999996,242.61900000000003
400,2020,2,5,32040,28397,3643.0,12.83,345.105,242.812
401,2020,2,6,31829,28482,3347.0,11.75,345.57599999999996,243.142
402,2020,2,7,32042,28275,3767.0,13.32,344.314,242.25400000000002
403,2020,2,8,29290,25630,3660.0,14.28,319.07599999999996,224.498
404,2020,2,9,28234,25150,3084.0,12.26,302.694,212.972
405,2020,2,10,31429,28283,3146.0,11.12,336.56800000000004,236.805
406,2020,2,11,31882,28663,3219.0,11.23,347.22,244.3
407,2020,2,12,31881,28533,3348.0,11.73,346.466,243.768
408,2020,2,13,32340,29094,3246.0,11.16,350.615,246.688
409,2020,2,14,32322,29199,3123.0,10.7,352.365,247.919
410,2020,2,15,30766,27770,2996.0,10.79,343.355,241.58
411,2020,2,16,29047,25062,3985.0,15.9,307.76099999999997,216.537
412,2020,2,17,32044,28300,3744.0,13.23,336.44800000000004,236.72
413,2020,2,18,32675,28426,4249.0,14.95,347.389,244.418
414,2020,2,19,31938,28374,3564.0,12.56,346.88300000000004,244.063
415,2020,2,20,31745,28613,3132.0,10.94,347.691,244.63099999999997
416,2020,2,21,31665,28527,3138.0,11.0,347.527,244.515
417,2020,2,22,29721,26047,3674.0,14.11,321.562,226.247
418,2020,2,23,28803,25064,3739.0,14.92,303.395,213.46400000000003
419,2020,2,24,31837,28827,3010.0,10.44,340.416,239.512
420,2020,2,25,32320,29196,3124.0,10.7,351.43199999999996,247.262
421,2020,2,26,32634,29467,3167.0,10.75,355.899,250.40599999999998
422,2020,2,27,32621,28368,4253.0,14.99,348.469,245.178
423,2020,2,28,29642,26356,3286.0,12.47,322.20799999999997,226.702
424,2020,2,29,28483,25677,2806.0,10.93,311.849,219.41299999999998
425,2020,3,1,28307,24986,3321.0,13.29,300.46,202.042
426,2020,3,2,31852,28557,3295.0,11.54,334.085,224.65200000000002
427,2020,3,3,32289,29183,3106.0,10.64,348.255,234.18099999999998
428,2020,3,4,32616,28858,3758.0,13.02,350.449,235.65599999999998
429,2020,3,5,32126,28608,3518.0,12.3,345.955,232.63400000000001
430,2020,3,6,31748,28569,3179.0,11.13,344.944,231.955
431,2020,3,7,29894,26182,3712.0,14.18,321.496,216.187
432,2020,3,8,28936,25557,3379.0,13.22,307.504,206.778
433,2020,3,9,32862,29653,3209.0,10.82,346.352,232.90099999999998
434,2020,3,10,32522,28591,3931.0,13.75,351.61400000000003,236.44
435,2020,3,11,31786,28531,3255.0,11.41,344.086,231.378
436,2020,3,12,32350,29348,3002.0,10.23,350.33099999999996,235.577
437,2020,3,13,32263,29165,3098.0,10.62,353.10699999999997,237.44400000000002
438,2020,3,14,29628,25802,3826.0,14.83,320.592,215.579
439,2020,3,15,28330,24837,3493.0,14.06,296.26599999999996,199.22099999999998
440,2020,3,16,32804,27984,4820.0,17.22,332.00199999999995,223.252
441,2020,3,17,32896,28753,4143.0,14.41,344.35,231.55599999999998
442,2020,3,18,33271,29118,4153.0,14.26,349.431,234.972
443,2020,3,19,32474,29389,3085.0,10.5,353.923,237.993
444,2020,3,20,32730,29030,3700.0,12.75,352.091,236.76
445,2020,3,21,29655,26635,3020.0,11.34,327.627,220.31
446,2020,3,22,29174,26088,3086.0,11.83,313.144,210.571
447,2020,3,23,33143,29372,3771.0,12.84,348.605,234.416
448,2020,3,24,33595,29470,4125.0,14.0,356.83,239.94799999999998
449,2020,3,25,33615,30038,3577.0,11.91,361.50300000000004,243.09
450,2020,3,26,34029,30842,3187.0,10.33,367.755,247.294
451,2020,3,27,34524,31260,3264.0,10.44,371.532,249.834
452,2020,3,28,29959,25893,4066.0,15.7,328.17199999999997,220.67700000000002
453,2020,3,29,28641,25152,3489.0,13.87,300.002,201.733
454,2020,3,30,32224,28716,3508.0,12.22,340.365,228.875
455,2020,3,31,32484,29162,3322.0,11.39,351.06300000000005,236.06900000000002
456,2020,4,1,32373,28278,4095.0,14.48,348.37,236.209
457,2020,4,2,29551,25443,4108.0,16.15,315.315,213.797
458,2020,4,3,28869,25120,3749.0,14.92,305.355,207.044
459,2020,4,4,28652,24238,4414.0,18.21,294.58799999999997,199.74200000000002
460,2020,4,5,28596,24347,4249.0,17.45,290.51,196.97799999999998
461,2020,4,6,32300,28246,4054.0,14.35,333.33099999999996,226.012
462,2020,4,7,32145,28108,4037.0,14.36,342.3,232.09400000000002
463,2020,4,8,31610,28246,3364.0,11.91,344.186,233.372
464,2020,4,9,31963,28285,3678.0,13.0,346.024,234.618
465,2020,4,10,33120,28470,4650.0,16.33,347.088,235.34
466,2020,4,11,28931,25752,3179.0,12.34,321.178,217.77200000000002
467,2020,4,12,27413,24604,2809.0,11.42,297.981,202.044
468,2020,4,13,30942,27614,3328.0,12.05,327.459,222.03
469,2020,4,14,31447,27884,3563.0,12.78,340.57099999999997,230.921
470,2020,4,15,31679,28182,3497.0,12.41,342.101,231.959
471,2020,4,16,31672,28528,3144.0,11.02,344.561,233.62599999999998
472,2020,4,17,32599,28990,3609.0,12.45,348.86,236.541
473,2020,4,18,30146,26657,3489.0,13.09,327.975,222.38
474,2020,4,19,29546,26518,3028.0,11.42,318.258,215.792
475,2020,4,20,34077,29986,4091.0,13.64,356.684,241.847
476,2020,4,21,34362,29986,4376.0,14.59,362.911,246.06900000000002
477,2020,4,22,32626,28595,4031.0,14.1,350.69199999999995,237.783
478,2020,4,23,31998,28050,3948.0,14.07,346.26199999999994,234.77900000000002
479,2020,4,24,31626,27678,3948.0,14.26,339.469,230.174
480,2020,4,25,28825,25659,3166.0,12.34,316.256,214.43400000000003
481,2020,4,26,28230,25110,3120.0,12.43,303.205,205.58599999999998
482,2020,4,27,32516,28706,3810.0,13.27,340.99199999999996,231.207
483,2020,4,28,33642,28955,4687.0,16.19,350.478,237.638
484,2020,4,29,32878,29532,3346.0,11.33,355.17,240.82
485,2020,4,30,34477,29613,4864.0,16.43,356.45099999999996,241.68900000000002
486,2020,5,1,30298,26786,3512.0,13.11,299.46299999999997,216.628
487,2020,5,2,29887,26473,3414.0,12.9,295.142,213.502
488,2020,5,3,29782,26815,2967.0,11.06,296.33,214.362
489,2020,5,4,35816,32340,3476.0,10.75,343.939,248.80200000000002
490,2020,5,5,36721,33321,3400.0,10.2,360.09,260.485
491,2020,5,6,36390,32964,3426.0,10.39,358.92800000000005,259.644
492,2020,5,7,36246,32510,3736.0,11.49,357.522,258.627
493,2020,5,8,37205,33791,3414.0,10.1,363.56199999999995,262.996
494,2020,5,9,33523,29700,3823.0,12.87,338.85900000000004,245.12599999999998
495,2020,5,10,32439,29424,3015.0,10.25,328.041,237.301
496,2020,5,11,36553,33203,3350.0,10.09,357.83,258.85
497,2020,5,12,35739,31973,3766.0,11.78,352.004,254.635
498,2020,5,13,36463,32264,4199.0,13.01,350.251,253.36700000000002
499,2020,5,14,36824,33442,3382.0,10.11,359.694,260.198
500,2020,5,15,37409,33787,3622.0,10.72,363.647,263.059
501,2020,5,16,33975,30028,3947.0,13.14,335.728,242.862
502,2020,5,17,32935,28694,4241.0,14.78,317.524,229.69400000000002
503,2020,5,18,36888,32803,4085.0,12.45,352.064,254.679
504,2020,5,19,35962,31336,4626.0,14.76,343.301,248.34
505,2020,5,20,36458,31507,4951.0,15.71,339.716,245.74599999999998
506,2020,5,21,35554,31571,3983.0,12.62,340.467,246.29
507,2020,5,22,34567,30892,3675.0,11.9,335.691,242.835
508,2020,5,23,30959,26898,4061.0,15.1,304.95799999999997,220.60299999999998
509,2020,5,24,31194,26905,4289.0,15.94,296.73,214.65099999999998
510,2020,5,25,36380,32438,3942.0,12.15,342.454,247.72799999999998
511,2020,5,26,36459,32896,3563.0,10.83,355.735,257.335
512,2020,5,27,36376,31444,4932.0,15.69,345.154,249.68099999999998
513,2020,5,28,36780,31519,5261.0,16.69,343.251,248.304
514,2020,5,29,36642,32544,4098.0,12.59,346.19300000000004,250.433
515,2020,5,30,32699,28513,4186.0,14.68,320.599,231.918
516,2020,5,31,32206,28776,3430.0,11.92,314.92900000000003,227.81599999999997
517,2020,6,1,37293,33660,3633.0,10.79,338.534,277.306
518,2020,6,2,38452,34381,4071.0,11.84,350.639,287.222
519,2020,6,3,38653,34490,4163.0,12.07,353.157,289.285
520,2020,6,4,38689,34935,3754.0,10.75,356.543,292.058
521,2020,6,5,38543,34861,3682.0,10.56,356.574,292.084
522,2020,6,6,34992,30752,4240.0,13.79,328.17900000000003,268.824
523,2020,6,7,32656,28121,4535.0,16.13,302.045,247.417
524,2020,6,8,36941,32361,4580.0,14.15,326.738,267.643
525,2020,6,9,36875,32360,4515.0,13.95,331.73400000000004,271.736
526,2020,6,10,38137,33770,4367.0,12.93,341.80199999999996,279.983
527,2020,6,11,38206,34220,3986.0,11.65,351.717,288.105
528,2020,6,12,38596,35010,3586.0,10.24,356.597,292.10200000000003
529,2020,6,13,35316,31552,3764.0,11.93,332.39,272.274
530,2020,6,14,34393,29821,4572.0,15.33,315.405,258.36
531,2020,6,15,40129,35096,5033.0,14.34,352.089,288.41
532,2020,6,16,39696,35674,4022.0,11.27,363.30300000000005,297.595
533,2020,6,17,40135,36160,3975.0,10.99,366.664,300.348
534,2020,6,18,40155,35964,4191.0,11.65,368.13800000000003,301.556
535,2020,6,19,40202,36340,3862.0,10.63,370.027,303.103
536,2020,6,20,38988,35313,3675.0,10.41,361.175,295.853
537,2020,6,21,35108,31624,3484.0,11.02,329.819,270.16700000000003
538,2020,6,22,40476,36627,3849.0,10.51,365.985,299.79200000000003
539,2020,6,23,40615,36847,3768.0,10.23,375.57800000000003,307.651
540,2020,6,24,41256,37170,4086.0,10.99,375.274,307.401
541,2020,6,25,35231,31852,3379.0,10.61,339.87300000000005,278.404
542,2020,6,26,34259,30352,3907.0,12.87,322.616,264.267
543,2020,6,27,34086,30466,3620.0,11.88,320.572,262.593
544,2020,6,28,34519,31107,3412.0,10.97,320.877,262.842
545,2020,6,29,40364,36351,4013.0,11.04,363.474,297.736
546,2020,6,30,41328,36682,4646.0,12.67,372.543,305.165
547,2020,7,1,40360,36331,4029.0,11.09,361.36400000000003,332.63800000000003
548,2020,7,2,40305,35847,4458.0,12.44,353.215,325.13599999999997
549,2020,7,3,39929,35798,4131.0,11.54,351.35400000000004,323.423
550,2020,7,4,36211,31924,4287.0,13.43,331.80800000000005,305.432
551,2020,7,5,34694,31219,3475.0,11.13,319.139,293.769
552,2020,7,6,40904,35888,5016.0,13.98,357.069,328.685
553,2020,7,7,40936,36326,4610.0,12.69,366.548,337.41
554,2020,7,8,41421,37106,4315.0,11.63,369.874,340.471
555,2020,7,9,41053,36686,4367.0,11.9,369.542,340.166
556,2020,7,10,41209,36830,4379.0,11.89,367.62199999999996,338.398
557,2020,7,11,36606,32935,3671.0,11.15,342.56,315.329
558,2020,7,12,35741,32223,3518.0,10.92,329.077,302.918
559,2020,7,13,41502,37528,3974.0,10.59,370.415,340.97
560,2020,7,14,41714,37790,3924.0,10.38,379.07,348.93699999999995
561,2020,7,15,40965,36755,4210.0,11.45,375.413,345.57
562,2020,7,16,40988,35903,5085.0,14.16,366.565,337.426
563,2020,7,17,41138,36882,4256.0,11.54,366.651,337.505
564,2020,7,18,37514,33193,4321.0,13.02,345.556,318.086
565,2020,7,19,35959,31831,4128.0,12.97,330.74199999999996,304.45099999999996
566,2020,7,20,41789,37521,4268.0,11.38,359.80300000000005,331.20099999999996
567,2020,7,21,41958,36825,5133.0,13.94,365.277,336.23900000000003
568,2020,7,22,41633,37367,4266.0,11.42,372.381,342.779
569,2020,7,23,41868,38020,3848.0,10.12,373.75300000000004,344.043
570,2020,7,24,41686,37557,4129.0,10.99,372.69,343.06300000000005
571,2020,7,25,37535,32838,4697.0,14.3,343.63199999999995,316.316
572,2020,7,26,35266,30548,4718.0,15.44,320.568,295.085
573,2020,7,27,41325,36760,4565.0,12.42,354.83,326.623
574,2020,7,28,40863,36333,4530.0,12.47,359.139,330.59
575,2020,7,29,41198,36353,4845.0,13.33,359.515,330.936
576,2020,7,30,41052,35592,5460.0,15.34,359.978,331.36199999999997
577,2020,7,31,40438,36300,4138.0,11.4,362.077,333.295
578,2020,8,1,36803,32682,4121.0,12.61,348.25199999999995,320.252
579,2020,8,2,34564,30754,3810.0,12.39,330.027,303.491
580,2020,8,3,38616,33718,4898.0,14.53,349.469,321.371
581,2020,8,4,38389,34036,4353.0,12.79,353.01599999999996,324.632
582,2020,8,5,39761,35374,4387.0,12.4,362.345,333.211
583,2020,8,6,40446,36593,3853.0,10.53,372.583,342.62699999999995
584,2020,8,7,40542,36682,3860.0,10.52,375.397,345.214
585,2020,8,8,36232,32361,3871.0,11.96,347.85699999999997,319.888
586,2020,8,9,34353,31166,3187.0,10.23,330.87300000000005,304.27
587,2020,8,10,40137,36411,3726.0,10.23,368.57599999999996,338.941
588,2020,8,11,39551,35167,4384.0,12.47,364.26199999999994,334.975
589,2020,8,12,40807,36537,4270.0,11.69,366.707,337.222
590,2020,8,13,40952,36301,4651.0,12.81,369.798,340.065
591,2020,8,14,40963,35941,5022.0,13.97,367.91,338.329
592,2020,8,15,36145,31204,4941.0,15.83,334.23699999999997,307.36400000000003
593,2020,8,16,34343,29721,4622.0,15.55,316.353,290.918
594,2020,8,17,40123,35538,4585.0,12.9,359.30199999999996,330.413
595,2020,8,18,40515,36279,4236.0,11.68,369.635,339.915
596,2020,8,19,40865,36996,3869.0,10.46,375.789,345.575
597,2020,8,20,41202,36818,4384.0,11.91,377.483,347.13199999999995
598,2020,8,21,40685,36823,3862.0,10.49,375.7,345.49300000000005
599,2020,8,22,34383,30985,3398.0,10.97,338.211,311.018
600,2020,8,23,33542,30245,3297.0,10.9,318.72,293.093
601,2020,8,24,40178,36483,3695.0,10.13,366.58,337.105
602,2020,8,25,40885,37073,3812.0,10.28,380.91,350.284
603,2020,8,26,39623,35827,3796.0,10.6,372.356,342.418
604,2020,8,27,39652,35107,4545.0,12.95,362.279,333.15
605,2020,8,28,39394,35122,4272.0,12.16,359.13300000000004,330.25699999999995
606,2020,8,29,35312,31138,4174.0,13.4,336.531,309.473
607,2020,8,30,34763,30677,4086.0,13.32,326.306,300.069
608,2020,8,31,39916,35197,4719.0,13.41,357.894,329.119
609,2020,9,1,39898,35420,4478.0,12.64,383.77099999999996,369.066
610,2020,9,2,40360,36492,3868.0,10.6,394.351,379.24
611,2020,9,3,40285,35474,4811.0,13.56,387.89,373.026
612,2020,9,4,40850,35980,4870.0,13.54,385.407,370.639
613,2020,9,5,34680,30758,3922.0,12.75,349.952,336.542
614,2020,9,6,31794,27921,3873.0,13.87,318.214,306.02099999999996
615,2020,9,7,38299,33937,4362.0,12.85,358.541,344.80300000000005
616,2020,9,8,39289,35134,4155.0,11.83,381.31300000000005,366.70099999999996
617,2020,9,9,39546,35370,4176.0,11.81,384.185,369.464
618,2020,9,10,39693,35438,4255.0,12.01,384.465,369.733
619,2020,9,11,39682,35598,4084.0,11.47,383.295,368.60699999999997
620,2020,9,12,34694,31311,3383.0,10.8,354.311,340.735
621,2020,9,13,33054,30030,3024.0,10.07,332.81,320.058
622,2020,9,14,39358,35640,3718.0,10.43,379.18300000000005,364.653
623,2020,9,15,40037,36312,3725.0,10.26,390.733,375.76
624,2020,9,16,40254,36521,3733.0,10.22,394.45599999999996,379.341
625,2020,9,17,40570,36846,3724.0,10.11,398.272,383.01099999999997
626,2020,9,18,40622,36893,3729.0,10.11,396.819,381.61300000000006
627,2020,9,19,35803,32486,3317.0,10.21,364.619,350.648
628,2020,9,20,33402,29517,3885.0,13.16,336.463,323.57
629,2020,9,21,38959,34397,4562.0,13.26,367.00699999999995,352.94300000000004
630,2020,9,22,39362,34237,5125.0,14.97,368.721,354.592
631,2020,9,23,39461,34689,4772.0,13.76,371.842,357.594
632,2020,9,24,38959,33525,5434.0,16.21,366.11300000000006,352.083
633,2020,9,25,37286,32012,5274.0,16.48,352.631,339.119
634,2020,9,26,35642,31095,4547.0,14.62,340.662,327.60900000000004
635,2020,9,27,31297,26808,4489.0,16.75,303.48,291.85
636,2020,9,28,35668,31113,4555.0,14.64,337.096,324.178
637,2020,9,29,36005,31746,4259.0,13.42,346.19300000000004,332.92699999999996
638,2020,9,30,36008,30723,5285.0,17.2,336.98900000000003,324.075
639,2020,10,1,31043,26398,4645.0,17.6,321.699,274.61
640,2020,10,2,30535,27075,3460.0,12.78,321.406,274.36
641,2020,10,3,30966,27548,3418.0,12.41,327.144,279.258
642,2020,10,4,31872,28281,3591.0,12.7,331.756,283.194
643,2020,10,5,37047,32508,4539.0,13.96,369.536,315.444
644,2020,10,6,36139,31900,4239.0,13.29,366.95599999999996,313.241
645,2020,10,7,35407,31307,4100.0,13.1,361.379,308.48
646,2020,10,8,35531,30813,4718.0,15.31,358.24800000000005,305.808
647,2020,10,9,31793,27483,4310.0,15.68,329.94,281.643
648,2020,10,10,30682,27387,3295.0,12.03,321.67,274.585
649,2020,10,11,30519,27431,3088.0,11.26,319.611,272.827
650,2020,10,12,36424,33063,3361.0,10.17,371.07599999999996,316.759
651,2020,10,13,36854,33389,3465.0,10.38,381.32099999999997,325.504
652,2020,10,14,36790,32798,3992.0,12.17,378.80300000000005,323.355
653,2020,10,15,36608,32682,3926.0,12.01,378.46,323.061
654,2020,10,16,36679,32878,3801.0,11.56,377.055,321.863
655,2020,10,17,32108,28021,4087.0,14.59,339.70599999999996,289.981
656,2020,10,18,30516,26570,3946.0,14.85,314.197,268.205
657,2020,10,19,35551,31046,4505.0,14.51,351.80800000000005,300.311
658,2020,10,20,35876,31632,4244.0,13.42,362.755,309.655
659,2020,10,21,35676,32367,3309.0,10.22,371.917,317.47700000000003
660,2020,10,22,35543,31202,4341.0,13.91,361.32,308.43
661,2020,10,23,33701,29698,4003.0,13.48,346.754,295.997
662,2020,10,24,30683,26791,3892.0,14.53,319.17400000000004,272.453
663,2020,10,25,30151,26126,4025.0,15.41,305.322,260.629
664,2020,10,26,34595,31092,3503.0,11.27,349.126,298.02099999999996
665,2020,10,27,35071,31669,3402.0,10.74,362.462,309.405
666,2020,10,28,35429,31959,3470.0,10.86,365.469,311.972
667,2020,10,29,34978,31271,3707.0,11.86,362.44,309.387
668,2020,10,30,34479,30264,4215.0,13.93,351.49199999999996,300.041
669,2020,10,31,30482,26763,3719.0,13.9,319.096,272.388
0,2020,11,1,29696,26127,3569.0,13.66,315.009,243.61599999999999
1,2020,11,2,33953,30430,3523.0,11.58,355.62300000000005,275.025
2,2020,11,3,33163,29974,3189.0,10.64,358.644,277.361
3,2020,11,4,33339,29788,3551.0,11.92,356.69199999999995,275.85200000000003
4,2020,11,5,33663,30344,3319.0,10.94,361.24300000000005,279.371
5,2020,11,6,35055,31792,3263.0,10.26,372.57199999999995,288.133
6,2020,11,7,31405,28206,3199.0,11.34,345.528,267.218
7,2020,11,8,29547,25619,3928.0,15.33,310.401,240.05200000000002
8,2020,11,9,33448,29368,4080.0,13.89,343.95300000000003,266.0
9,2020,11,10,33402,29812,3590.0,12.04,352.444,272.567
10,2020,11,11,33320,29612,3708.0,12.52,352.902,272.921
11,2020,11,12,33593,30403,3190.0,10.5,358.26,277.064
12,2020,11,13,33559,30186,3373.0,11.17,359.44800000000004,277.983
13,2020,11,14,30510,27146,3364.0,12.39,332.423,257.08299999999997
14,2020,11,15,29565,26102,3463.0,13.27,314.09,242.905
15,2020,11,16,34111,30964,3147.0,10.16,358.815,277.493
16,2020,11,17,34607,31405,3202.0,10.2,371.73,287.481
17,2020,11,18,35177,31816,3361.0,10.56,374.50699999999995,289.629
18,2020,11,19,35383,32069,3314.0,10.33,378.469,292.693
19,2020,11,20,35666,32023,3643.0,11.38,378.608,292.801
20,2020,11,21,31603,28675,2928.0,10.21,350.72,271.233
21,2020,11,22,29650,26885,2765.0,10.28,327.598,253.352
22,2020,11,23,33976,30832,3144.0,10.2,360.709,278.95799999999997
23,2020,11,24,34084,30950,3134.0,10.13,368.37,284.883
24,2020,11,25,34797,31491,3306.0,10.5,371.834,287.562
25,2020,11,26,34573,31429,3144.0,10.01,372.56199999999995,288.124
26,2020,11,27,33669,30174,3495.0,11.58,362.449,280.303
27,2020,11,28,29814,26837,2977.0,11.09,328.575,254.107
28,2020,11,29,28529,25242,3287.0,13.02,304.6,235.565
29,2020,11,30,32437,29117,3320.0,11.4,338.718,261.952
30,2020,12,1,32814,29577,3237.0,10.94,355.298,228.896
31,2020,12,2,32582,29532,3050.0,10.33,358.116,230.71200000000002
32,2020,12,3,32478,29310,3168.0,10.81,356.471,229.65200000000002
33,2020,12,4,32466,29382,3084.0,10.5,356.93300000000005,229.95
34,2020,12,5,30262,26644,3618.0,13.58,330.35,212.824
35,2020,12,6,28297,25606,2691.0,10.51,313.723,202.113
36,2020,12,7,32832,29726,3106.0,10.45,353.586,227.793
37,2020,12,8,33028,29864,3164.0,10.59,362.161,233.31799999999998
38,2020,12,9,33229,30135,3094.0,10.27,363.903,234.44099999999997
39,2020,12,10,33283,30197,3086.0,10.22,365.77099999999996,235.644
40,2020,12,11,33050,29921,3129.0,10.46,363.68699999999995,234.30200000000002
41,2020,12,12,29946,26664,3282.0,12.31,334.444,215.46200000000002
42,2020,12,13,28289,25459,2830.0,11.12,313.41200000000003,201.912
43,2020,12,14,32639,29617,3022.0,10.2,351.11800000000005,226.203
44,2020,12,15,32714,29702,3012.0,10.14,360.434,232.205
45,2020,12,16,32818,29798,3020.0,10.14,361.579,232.94299999999998
46,2020,12,17,32878,29878,3000.0,10.04,360.959,232.543
47,2020,12,18,32849,29802,3047.0,10.22,362.666,233.644
48,2020,12,19,29790,26743,3047.0,11.39,334.625,215.578
49,2020,12,20,29274,25658,3616.0,14.09,313.192,201.771
50,2020,12,21,32722,29650,3072.0,10.36,352.85699999999997,227.324
51,2020,12,22,33107,29908,3199.0,10.7,361.059,232.608
52,2020,12,23,33388,30312,3076.0,10.15,365.98,235.778
53,2020,12,24,33402,29857,3545.0,11.87,362.99199999999996,233.854
54,2020,12,25,32717,29299,3418.0,11.67,358.124,230.718
55,2020,12,26,29798,26732,3066.0,11.47,332.353,214.115
56,2020,12,27,28846,25977,2869.0,11.04,315.72,203.399
57,2020,12,28,32626,29491,3135.0,10.63,351.88699999999994,226.699
58,2020,12,29,33114,30020,3094.0,10.3,362.574,233.584
59,2020,12,30,32211,29093,3118.0,10.72,353.86699999999996,227.975
60,2020,12,31,31598,28444,3154.0,11.09,350.244,225.64
61,2021,1,1,28487,25720,2767.0,10.76,311.468,212.06099999999998
62,2021,1,2,28421,25485,2936.0,11.52,304.952,207.625
63,2021,1,3,28513,25476,3037.0,11.92,299.77099999999996,204.09799999999998
64,2021,1,4,32766,29734,3032.0,10.2,342.273,233.03599999999997
65,2021,1,5,33117,30050,3067.0,10.21,353.795,240.88
66,2021,1,6,33429,30327,3102.0,10.23,357.158,243.17
67,2021,1,7,33602,30500,3102.0,10.17,360.57800000000003,245.498
68,2021,1,8,33518,30412,3106.0,10.21,364.834,248.395
69,2021,1,9,31269,28068,3201.0,11.41,342.185,232.976
70,2021,1,10,30161,27255,2906.0,10.66,320.948,218.516
71,2021,1,11,33772,30679,3093.0,10.08,359.358,244.667
72,2021,1,12,33749,30633,3116.0,10.17,366.61400000000003,249.607
73,2021,1,13,33108,29994,3114.0,10.38,361.441,246.085
74,2021,1,14,33153,30021,3132.0,10.43,358.668,244.19799999999998
75,2021,1,15,32864,29555,3309.0,11.2,355.32199999999995,241.92
76,2021,1,16,30167,27121,3046.0,11.23,331.785,225.894
77,2021,1,17,29746,26712,3034.0,11.36,314.254,213.959
78,2021,1,18,33095,29938,3157.0,10.55,347.884,236.856
79,2021,1,19,33148,29990,3158.0,10.53,355.67199999999997,242.158
80,2021,1,20,33134,29984,3150.0,10.5,356.12699999999995,242.467
81,2021,1,21,33359,30285,3074.0,10.15,355.76199999999994,242.21900000000002
82,2021,1,22,33192,30095,3097.0,10.29,358.199,243.87900000000002
83,2021,1,23,30421,27218,3203.0,11.77,332.548,226.41400000000002
84,2021,1,24,28790,25717,3073.0,11.95,307.45799999999997,209.331
85,2021,1,25,33063,29794,3269.0,10.97,341.76599999999996,232.69
86,2021,1,26,33152,29933,3219.0,10.75,351.528,239.33599999999998
87,2021,1,27,32652,29588,3064.0,10.36,349.069,237.66299999999998
88,2021,1,28,32843,29557,3286.0,11.12,350.657,238.74400000000003
89,2021,1,29,32472,29269,3203.0,10.94,348.035,236.958
90,2021,1,30,30109,26662,3447.0,12.93,325.481,221.602
91,2021,1,31,28364,25458,2906.0,11.41,304.697,207.451
